ch0,ch1
-0.0055821864,-5.8654598e-05
-0.005829607,-0.00026106386
-0.00596375,-0.00050395494
-0.0062320367,-0.00071259215
-0.0062707895,-0.0009399134
-0.0065003224,-0.0011983743
-0.006583789,-0.0013758716
-0.006664275,-0.001584509
-0.006720913,-0.0018149441
-0.006759666,-0.0019768716
-0.006935543,-0.0022197622
-0.006840152,-0.0023038401
-0.0068163043,-0.002387918
-0.006875924,-0.0024564255
-0.0068103424,-0.0025093635
-0.0068103424,-0.0025249335
-0.0067864945,-0.0024595396
-0.0068103424,-0.00241283
-0.006750723,-0.0022135344
-0.0066046556,-0.0019830994
-0.006610618,-0.0017806904
-0.0066463896,-0.0016156487
-0.0063572368,-0.0011641204
-0.0062678084,-0.000989737
-0.0060621216,-0.0006503124
-0.005674597,-0.00028286176
-0.0054152524,-1.1944779e-05
-0.0049532047,0.00025585823
-0.004610394,0.00046760947
-0.0043421076,0.000585941
-0.003969487,0.00085063
-0.0037787054,0.0008194901
-0.0037012002,0.00088488386
-0.0035819623,0.0008879978
-0.0035193618,0.0009783036
-0.0036862963,0.00092225167
-0.0036475435,0.0009284797
-0.0036445626,0.00086931384
-0.0037161056,0.00093782163
-0.0037220672,0.0008724279
-0.0038413056,0.00087242795
-0.0038770773,0.0008911119
-0.004014201,0.0008817698
-0.004190078,0.00078212225
-0.004392783,0.00070427253
-0.0045030788,0.0006295368
-0.00478329,0.0005018633
-0.0050426335,0.0003617338
-0.0051350435,0.000308796
-0.005325824,0.00019046447
-0.0055821864,-4.931264e-05
-0.005787873,-0.00019567009
-0.005960769,-0.00043544717
-0.006160494,-0.0006565404
-0.0064198365,-0.00088074745
-0.0064466647,-0.0010893848
-0.006595713,-0.001307364
-0.006530132,-0.0015782807
-0.0065718656,-0.0017838043
-0.0068282285,-0.0020765192
-0.006750723,-0.002095203
-0.0068163043,-0.0021886225
-0.006950448,-0.0023567777
-0.006878905,-0.0024190578
-0.006905733,-0.0025249335
-0.0068043806,-0.0024844517
-0.0068073617,-0.0025249333
-0.0068252473,-0.0023879178
-0.0067805327,-0.0022509021
-0.0068073617,-0.002117001
-0.0067715896,-0.0018180581
-0.0066434084,-0.001572053
-0.0065092654,-0.0012513121
-0.006297618,-0.0009181154
-0.0060651028,-0.00051018293
-0.005787873,-0.0004105353
-0.0054808343,-8.9794485e-05
-0.0051529277,0.00023717426
-0.004667032,0.00043646953
-0.004359993,0.00066067674
-0.004157287,0.0007167285
-0.003924772,0.00080392015
-0.0037697628,0.0008973397
-0.0037638,0.0009191378
-0.0035581142,0.0009907596
-0.003665429,0.0009689615
-0.0037399535,0.00094404974
-0.0037101433,0.00088176987
-0.0037041814,0.00087554194
-0.0037667812,0.00084440195
-0.0037757247,0.00083506
-0.003713125,0.00095339166
-0.0039516008,0.0009284798
-0.0041900775,0.0007945782
-0.004440479,0.0007478684
-0.0046193367,0.00057659904
-0.0048250235,0.0004925213
-0.0050426335,0.00032436597
-0.005197643,0.00024651625
-0.005331786,8.1474864e-05
-0.0056507485,-0.00017698617
-0.0057610446,-0.00029843173
-0.006157513,-0.00068145234
-0.0062141507,-0.00075307407
-0.0062856944,-0.00093057135
-0.0063572377,-0.0012606542
-0.006479456,-0.001522229
-0.006548018,-0.0016748145
-0.006369161,-0.0016841565
-0.006610618,-0.0019737575
-0.0066851424,-0.0020734048
-0.006750723,-0.002347436
-0.0066553326,-0.002356778
-0.006720913,-0.0024844515
-0.0067715896,-0.0025623015
-0.0067954375,-0.0026058971
-0.006744761,-0.0024533116
-0.006864,-0.0024719955
-0.0068222666,-0.002285156
-0.0067238947,-0.0021356847
-0.006607637,-0.001786918
-0.006610618,-0.0016623586
-0.006342332,-0.0012170584
-0.0062707895,-0.000986623
-0.00602635,-0.0006254005
-0.005820664,-0.00037316742
-0.0055046817,-7.111056e-05
-0.0051529296,0.00019357845
-0.004854833,0.00045826746
-0.004583565,0.0006077389
-0.0041572875,0.0008008062
-0.003954582,0.0008724279
-0.003969487,0.00088177
-0.0036743723,0.0010125574
-0.0037131247,0.0009969876
-0.0037548584,0.00091913773
-0.0038949628,0.00085063
-0.0037638005,0.00090668176
-0.003707163,0.0009502776
-0.0038085147,0.00085374387
-0.0038055342,0.00088488386
-0.0038800575,0.0008693139
-0.004121516,0.00081637606
-0.004270564,0.0006855886
-0.0044583646,0.00065756275
-0.0046461658,0.0005236612
-0.0048041567,0.0004333555
-0.0049949377,0.00033682192
-0.0052453377,0.00016243858
-0.0054212147,0.00012507071
-0.0055464148,-0.00011470639
-0.0056477683,-0.0002953177
-0.005892207,-0.0005164109
-0.00599356,-0.0006347424
-0.006154532,-0.0009866231
-0.0061962656,-0.0011703484
-0.0064913793,-0.0014288096
-0.0064407038,-0.0016281048
-0.0066911033,-0.0018834518
-0.0066553326,-0.0020048977
-0.0066314847,-0.0020827472
-0.00667918,-0.002310068
-0.0067000473,-0.0023069538
-0.0066702375,-0.0024657678
-0.0068163043,-0.002496908
-0.0066612945,-0.0024751099
-0.006846114,-0.0023941463
-0.006855057,-0.0024969075
-0.0068103424,-0.0022571303
-0.0069474666,-0.0021761667
-0.0068073617,-0.0018523121
-0.006726875,-0.0016063068
-0.006595713,-0.0013571877
-0.006226075,-0.0008589497
-0.0061157793,-0.00067522435
-0.0059249974,-0.00044478913
-0.0054718913,-5.5540608e-05
-0.00515591,0.00023406031
-0.004822043,0.00043335557
-0.004625299,0.000576599
-0.0044136504,0.00070427253
-0.0040797824,0.0007945782
-0.0038770768,0.00085685804
-0.003787648,0.00093470764
-0.0037906289,0.0009471636
-0.00369822,0.0010032156
-0.003781686,0.0008911118
-0.0038055342,0.0009471636
-0.0037190863,0.00095027767
-0.003796591,0.00092536566
-0.003930734,0.0008132622
-0.0038264007,0.0009471636
-0.0040648775,0.00082883204
-0.004425574,0.0007073865
-0.0044702888,0.00069493067
-0.0046938607,0.0005485731
-0.004854833,0.00042712758
-0.0050098435,0.0003959877
-0.005230433,0.00028388415
-0.005340729,0.00017489454
-0.0054987194,1.6081118e-05
-0.0056328634,-0.00030465968
-0.0057908543,-0.000494613
-0.0059279785,-0.00067211024
-0.0061336653,-0.00089943147
-0.0062350174,-0.0011174106
-0.006354256,-0.0013603017
-0.0065182084,-0.0015938509
-0.006521189,-0.0016966125
-0.00674178,-0.0020048975
-0.006783514,-0.0022509024
-0.0067030275,-0.0021948505
-0.0066612945,-0.0022540162
-0.006738799,-0.0023038401
-0.006765628,-0.0024844517
-0.0066821612,-0.0024034877
-0.006750723,-0.0024657673
-0.006768609,-0.002403488
-0.0068013994,-0.0023505497
-0.0068043806,-0.0021979646
-0.0068013994,-0.0020080116
-0.0066463896,-0.0016997263
-0.006542056,-0.0014101258
-0.006410893,-0.001042675
-0.0062230937,-0.00074061804
-0.0059339404,-0.00047592906
-0.0055881487,-0.00012716235
-0.0051857186,0.00014375465
-0.0049979193,0.00030256802
-0.0044941367,0.00058282696
-0.0043659545,0.00075098244
-0.0040410296,0.000847516
-0.0038055337,0.00091602386
-0.0039039054,0.000853744
-0.0038651533,0.000838174
-0.0038323626,0.00084751594
-0.003745915,0.0010094435
-0.0037548575,0.00095339154
-0.003736972,0.0008599719
-0.0037876484,0.00082571805
-0.003862172,0.00087242795
-0.003853229,0.000838174
-0.003984391,0.00085063
-0.004193059,0.0007229565
-0.004416631,0.00069804455
-0.004655109,0.00055168715
-0.004866757,0.00034927786
-0.0048637753,0.00036796177
-0.005117157,0.00026831418
-0.0052751475,7.524689e-05
-0.005454005,-5.5540615e-05
-0.0056090155,-0.0002984317
-0.005820664,-0.0004385612
-0.0059309592,-0.00068768027
-0.006023369,-0.00082469574
-0.0061962656,-0.001048903
-0.006464551,-0.0014412655
-0.0064883986,-0.0015035452
-0.0064824373,-0.0017246384
-0.006625523,-0.001864768
-0.00667918,-0.002110773
-0.006735819,-0.0022228763
-0.0066165803,-0.002344322
-0.006580808,-0.0023474358
-0.00671197,-0.0024066016
-0.00671197,-0.0024813374
-0.00674178,-0.0024439695
-0.0066374466,-0.002372348
-0.0068371715,-0.0024003736
-0.0066374466,-0.0020298094
-0.006688123,-0.0019145918
-0.0065420554,-0.0015191152
-0.0064585893,-0.0013073639
-0.0062856944,-0.0009990791
-0.0060651028,-0.0006565404
-0.00577893,-0.0003264576
-0.005474872,-0.00013027634
-0.0050992714,0.00022783232
-0.004774347,0.00043646953
-0.0044285553,0.00069181656
-0.0041185347,0.00084440206
-0.0039933342,0.00082260417
-0.0037638005,0.00090356776
-0.0036773528,0.00095339166
-0.0037667819,0.0008319461
-0.0036982198,0.00091602374
-0.0036594674,0.0009004539
-0.003662448,0.0009315937
-0.0037339912,0.00093159376
-0.0037012012,0.00085374404
-0.0037697623,0.0009004539
-0.003862172,0.00093159376
-0.003939677,0.0009315936
-0.0040857443,0.0008568579
-0.0043242215,0.00073852635
-0.00456866,0.0005983969
-0.0046640513,0.00060773885
-0.004985994,0.0003959877
-0.0050813854,0.00024028828
-0.005382462,0.00012195671
-0.0054927575,-4.3084663e-05
-0.005629882,-0.0002392659
-0.005898169,-0.0003856234
-0.0060770265,-0.0006845662
-0.0062171323,-0.00078421395
-0.0063810847,-0.0010426749
-0.006425799,-0.0012232863
-0.006530132,-0.0014973172
-0.0066553326,-0.0017277524
-0.0068043806,-0.0019270476
-0.006762647,-0.002107659
-0.0069266,-0.0022353323
-0.006846114,-0.002338094
-0.0068282285,-0.0023941458
-0.0068043806,-0.0024034877
-0.006783514,-0.0024439692
-0.0067864945,-0.002400374
-0.006688123,-0.0023661195
-0.0068013994,-0.002378576
-0.006735818,-0.002082747
-0.0066404277,-0.0019177059
-0.0066106184,-0.0016467886
-0.0064556086,-0.0012513121
-0.006321466,-0.0009835092
-0.0061903037,-0.0007250481
-0.005874321,-0.0003264576
-0.005549396,-5.865461e-05
-0.0052393763,0.00030256802
-0.004759442,0.00058905495
-0.004401726,0.0006918166
-0.0041513257,0.00077589427
-0.003906886,0.0008755418
-0.0036892772,0.0009004538
-0.0035849432,0.00095961953
-0.0036326386,0.00089422584
-0.0035372477,0.0008848839
-0.0036058102,0.00095027767
-0.0036266767,0.0009502776
-0.003707163,0.00089422584
-0.0036743726,0.00095339166
-0.003626677,0.0009814176
-0.003781686,0.0009378217
-0.0039009247,0.000831946
-0.004106611,0.000841288
-0.0043421066,0.00068247464
-0.004416631,0.00064199284
-0.004684918,0.00056725706
-0.004923395,0.00038975972
-0.0050008995,0.0002714282
-0.0052393763,0.00016243858
-0.0054092905,2.2309092e-05
-0.0057431585,-0.00022992396
-0.0058951876,-0.00043544717
-0.006059141,-0.00051018293
-0.006336371,-0.00080289785
-0.0063900277,-0.00097105314
-0.006577828,-0.0011890323
-0.006545038,-0.0014319235
-0.0065569608,-0.0016000787
-0.0067000473,-0.0018180581
-0.006735818,-0.002057835
-0.0066314847,-0.0021138869
-0.006601675,-0.0021605964
-0.0067954375,-0.0023910317
-0.00661658,-0.002322524
-0.006720914,-0.0024439697
-0.0068013994,-0.0024782238
-0.00667918,-0.0023972602
-0.0066672564,-0.002356778
-0.0067089894,-0.002135685
-0.0066672564,-0.0018554261
-0.006539075,-0.0016125347
-0.0065241707,-0.0013540739
-0.00630358,-0.0009928511
-0.005984617,-0.0006814523
-0.00587134,-0.00037939547
-0.0054271766,6.7391497e-06
-0.0051797573,0.00027765613
-0.0048160804,0.00048940734
-0.0043331645,0.00070427253
-0.0041751736,0.0007696663
-0.0038174589,0.0009378218
-0.0036922581,0.0009004539
-0.003620715,0.0009253657
-0.0035193623,0.00097518956
-0.003531286,0.00090356776
-0.0035461902,0.0009284796
-0.0036505244,0.00088488386
-0.003626677,0.00091290975
-0.0037190863,0.0008942258
-0.0037071626,0.00087865593
-0.0036147528,0.00091602386
-0.0040291054,0.00084440195
-0.004115554,0.00077900826
-0.0042467164,0.0006918166
-0.0045179836,0.00063576474
-0.004613375,0.0006077389
-0.004866757,0.0003648478
-0.0050694617,0.00023406027
-0.0051887003,0.00011884272
-0.005355633,-5.7168013e-06
-0.005656711,-0.00015207425
-0.0057491204,-0.00022680995
-0.0062737702,-0.000753074
-0.00633637,-0.00074996
-0.006494361,-0.0010924988
-0.0065659033,-0.0012731102
-0.0064913793,-0.0013883278
-0.0066434084,-0.0016467886
-0.0066463896,-0.0018024882
-0.0066702375,-0.0020547216
-0.006831209,-0.0022197622
-0.006902752,-0.0023131818
-0.0067894757,-0.0024128298
-0.00670899,-0.0023131822
-0.006744761,-0.002384804
-0.0068341903,-0.0025155917
-0.0068043806,-0.0024782238
-0.006711971,-0.0022727002
-0.0068073617,-0.0021387986
-0.006726876,-0.0020266953
-0.0066493703,-0.0017028404
-0.006527151,-0.0014101255
-0.006360218,-0.0010956128
-0.006175399,-0.00076553004
-0.0058653783,-0.0005226389
-0.005474872,-0.0001645302
-0.005194661,6.5904926e-05
-0.00487868,0.00038041774
-0.0045239455,0.000576599
-0.004255659,0.00068247464
-0.00397843,0.0008568579
-0.0037459142,0.00092225167
-0.0036803347,0.0009097957
-0.0037250486,0.0008786558
-0.00366841,0.00088177
-0.003716106,0.0008693139
-0.0035938863,0.0009783036
-0.003722068,0.000853744
-0.003745915,0.00082571805
-0.003698219,0.00091913773
-0.0039039054,0.000847516
-0.0040231436,0.00084440195
-0.004193059,0.0007509824
-0.0043689357,0.0007291844
-0.0045150025,0.00058282696
-0.004759442,0.00046449542
-0.0048160804,0.00046138145
-0.0052214903,0.00016555256
-0.005206586,0.00019357844
-0.0054391003,-5.242663e-05
-0.0056328634,-0.00022680999
-0.0059041306,-0.00044167516
-0.0060263504,-0.0006689963
-0.006264827,-0.0008464937
-0.0062618465,-0.0009803951
-0.006530132,-0.0013229338
-0.006407913,-0.0013634159
-0.006571865,-0.0015907368
-0.0068013994,-0.0019830996
-0.006747742,-0.0019768716
-0.0068431334,-0.0022384464
-0.006881885,-0.0023785757
-0.006777552,-0.0023723475
-0.006792457,-0.0024377417
-0.0065241703,-0.002300726
-0.006527151,-0.002338094
-0.0066553326,-0.0024128295
-0.0066911043,-0.002409716
-0.0067566847,-0.0023007262
-0.006664275,-0.0019830994
-0.006562923,-0.0016997264
-0.0066493703,-0.001572053
-0.006321466,-0.0011828045
-0.006136646,-0.000768644
-0.0060352935,-0.0005288668
-0.00568652,-0.00015518823
-0.0052632242,0.00014064065
-0.0048220423,0.00042401356
-0.0045179836,0.000573485
-0.0041870973,0.00077589427
-0.0039247726,0.00080703414
-0.0037488968,0.00082260405
-0.0036684102,0.00088488386
-0.0037488963,0.000853744
-0.0036594674,0.00083194615
-0.003710144,0.0009502776
-0.00366841,0.00089733984
-0.0036892772,0.0009689616
-0.0037161051,0.0009253657
-0.0037757247,0.000853744
-0.003865153,0.00095027767
-0.004055935,0.0008568579
-0.0041900775,0.00082571816
-0.004354031,0.0007105005
-0.0045328885,0.0006513348
-0.0048339665,0.00047072335
-0.0049532047,0.00044269752
-0.005060519,0.00034616387
-0.0052721663,0.00011572875
-0.0056090155,-2.4400731e-05
-0.005668635,-0.00016141622
-0.0058623976,-0.00031400166
-0.006044236,-0.00060671655
-0.0061247223,-0.00074061804
-0.00630358,-0.0010271048
-0.0064019514,-0.0011983744
-0.0066583133,-0.0016031929
-0.006783514,-0.0017184103
-0.006753704,-0.0018896799
-0.0067954375,-0.0019550736
-0.0067805327,-0.0021481407
-0.006911696,-0.0023816896
-0.0068431334,-0.002325638
-0.0068252473,-0.0023349798
-0.0070249713,-0.002637037
-0.0067864945,-0.0024626537
-0.0068013994,-0.0024252858
-0.006878905,-0.0023661195
-0.006720914,-0.0021637105
-0.0068103424,-0.0019830998
-0.006759667,-0.001783804
-0.006464551,-0.0013571879
-0.006390027,-0.0011672346
-0.0060680835,-0.0007499601
-0.0058415304,-0.00050084095
-0.005573244,-0.00011470639
-0.00515889,0.00020292043
-0.0048309853,0.00038041774
-0.0045716413,0.00047383743
-0.0040946873,0.0007727803
-0.003942658,0.00078523625
-0.0037906296,0.000841288
-0.0037071626,0.00084440195
-0.0036982198,0.00091602374
-0.003620715,0.0009814176
-0.0036773528,0.00093470764
-0.0037250482,0.00090979587
-0.0038025533,0.0008475161
-0.0037876484,0.0009689616
-0.0038174582,0.0009004538
-0.003903906,0.00086619996
-0.0039903536,0.00087865593
-0.0041721924,0.0008755418
-0.0043093166,0.0007291844
-0.004583565,0.0006824746
-0.004687899,0.0005485731
-0.0049859947,0.0003959877
-0.0051499475,0.00029945406
-0.0053377477,0.00016866655
-0.0056030536,4.410701e-05
-0.0057282536,-0.0001676442
-0.0058892258,-0.00037316742
-0.006017407,-0.00054443674
-0.006360218,-0.0008589497
-0.0064287796,-0.0011018406
-0.0065331124,-0.0013478458
-0.006580808,-0.0014256956
-0.0067566847,-0.001777576
-0.0066463896,-0.00187411
-0.0066911043,-0.0019737575
-0.006774571,-0.002088975
-0.0068908287,-0.0024595396
-0.0068163043,-0.0024346274
-0.006759667,-0.0024408556
-0.006840152,-0.002509363
-0.006855057,-0.002618353
-0.0067179324,-0.0024657676
-0.0068282285,-0.0023474358
-0.0068371715,-0.0023069538
-0.0066046556,-0.0019395038
-0.0066135987,-0.0017121825
-0.006393009,-0.0013758718
-0.0062916563,-0.0010987266
-0.0061336653,-0.00082158175
-0.0057729683,-0.00040430733
-0.0056716157,-0.00022680999
-0.0052036038,9.704481e-05
-0.0048816614,0.000308796
-0.0045239455,0.00045203947
-0.0042616213,0.00067313266
-0.003969487,0.0007976922
-0.0037459154,0.00090356776
-0.0037250482,0.00084440195
-0.0036177337,0.0009596197
-0.0036684107,0.0009315937
-0.0037488968,0.0009502776
-0.0036326386,0.00093470764
-0.0037578389,0.0009129097
-0.0037101437,0.0008693139
-0.003826401,0.0008568579
-0.0039039056,0.000853744
-0.0040291054,0.0008132622
-0.004160268,0.00079457817
-0.004321241,0.0006949306
-0.004440479,0.00069181656
-0.004693861,0.0005018633
-0.0049055093,0.00045203947
-0.005075424,0.00038664573
-0.0051767756,0.0002589722
-0.0054271766,9.704481e-05
-0.005802778,-0.00020812606
-0.006002503,-0.00032022962
-0.006053179,-0.0005444368
-0.00621117,-0.0007873279
-0.00639897,-0.0010239909
-0.0064764754,-0.0012077164
-0.00667918,-0.001522229
-0.0066463896,-0.0016000789
-0.0066493703,-0.0018585399
-0.00689381,-0.0020889752
-0.006759666,-0.002148141
-0.006872943,-0.002269586
-0.0069832383,-0.0023941458
-0.006864,-0.002437742
-0.006872943,-0.0026463792
-0.006726875,-0.0023474358
-0.006920638,-0.0025965553
-0.0067805327,-0.0023567777
-0.006765628,-0.0022322182
-0.006920638,-0.0022073067
-0.006664275,-0.0017246384
-0.0065420554,-0.0014163536
-0.0062618465,-0.0010395608
-0.0062678084,-0.00086206355
-0.0058027776,-0.00049461296
-0.005677578,-0.00028908977
-0.0051857196,8.7702836e-05
-0.004923395,0.00027142814
-0.0045537557,0.0005361172
-0.004240754,0.0006824746
-0.0040857443,0.0008163761
-0.003826401,0.0007914642
-0.0037012007,0.00085063
-0.003707163,0.0009191378
-0.0037578396,0.0009378217
-0.003775724,0.0009066818
-0.0036266767,0.0009409357
-0.003796591,0.00085685804
-0.003736972,0.000847516
-0.003736972,0.0008786558
-0.0038085147,0.0009253657
-0.0039665056,0.00087242795
-0.0042020017,0.0007260705
-0.004440479,0.0006949306
-0.004500098,0.000592169
-0.004658089,0.00052988925
-0.0049859956,0.00034927783
-0.005045614,0.00023717429
-0.005349671,0.00013752667
-0.0055821864,-2.6028144e-06
-0.0057610446,-0.0001676442
-0.005874322,-0.00040119333
-0.006154532,-0.00061294454
-0.006306561,-0.0008278097
-0.006378103,-0.0011018406
-0.0065033035,-0.0012980221
-0.006559941,-0.0015969649
-0.006527152,-0.0017495502
-0.006598694,-0.0019301617
-0.006688123,-0.002076519
-0.0068520764,-0.0022197624
-0.006711971,-0.0021450268
-0.0068133236,-0.0024097157
-0.006869962,-0.0024844515
-0.0068371715,-0.0025311613
-0.0068133236,-0.0025934414
-0.0067805327,-0.0024937936
-0.0067864945,-0.0024066016
-0.006697066,-0.0022633583
-0.006726875,-0.0020391513
-0.0066463896,-0.001771348
-0.006545037,-0.0015004312
-0.0064436845,-0.0012513121
-0.0062767514,-0.0009305713
-0.0059279785,-0.00060360256
-0.0056060343,-0.00020812606
-0.005367557,2.8537068e-05
-0.004851852,0.00034616387
-0.004622318,0.0005112053
-0.00425864,0.0006606767
-0.0039516008,0.00092225167
-0.0038323626,0.0008817698
-0.003781687,0.0010218993
-0.003704182,0.0009596197
-0.003760819,0.0009378217
-0.003716106,0.00088488386
-0.0036952384,0.00093782163
-0.0036624484,0.00087242795
-0.0037280296,0.00092536566
-0.0037161051,0.0008599719
-0.0038025528,0.00092536566
-0.0039575626,0.00085063
-0.004225849,0.0007696663
-0.004306336,0.0007665523
-0.004616356,0.000579713
-0.004807138,0.0004956353
-0.004848871,0.00042712758
-0.005149948,0.0002340603
-0.0052483184,0.0001312987
-0.0054361196,5.967695e-05
-0.0056895013,-0.00012093437
-0.0058504734,-0.00031088764
-0.0060800076,-0.0006191725
-0.0063393516,-0.0008869756
-0.0064615705,-0.001058245
-0.006536094,-0.0012295141
-0.006580808,-0.0015315711
-0.006568884,-0.0016748145
-0.0066285036,-0.001849198
-0.006688123,-0.0019768714
-0.0068252473,-0.0022104203
-0.0067984187,-0.002328752
-0.0068043806,-0.002384804
-0.0068908287,-0.0024346276
-0.006869962,-0.0025529596
-0.006792457,-0.0025124776
-0.006911695,-0.0025591876
-0.006917657,-0.0023910317
-0.0067537045,-0.0021761667
-0.006792457,-0.0020235814
-0.006688123,-0.001805602
-0.0065182084,-0.0014163537
-0.0063810847,-0.0010769287
-0.0062350174,-0.000768644
-0.0059190355,-0.00047281507
-0.005635844,-0.00016764422
-0.005245338,4.7221e-05
-0.0048906044,0.00032747994
-0.004479231,0.0005392312
-0.004273545,0.0007260705
-0.003921791,0.0008817698
-0.0038651533,0.0009097958
-0.0037906293,0.00096584763
-0.0036535054,0.0010374694
-0.0036505244,0.0009969875
-0.0037697623,0.0009284798
-0.0037220675,0.0009004537
-0.003745915,0.0009315937
-0.0035581146,0.0010063294
-0.0037816868,0.000847516
-0.0038144763,0.00089733984
-0.003996315,0.00091602374
-0.0041274778,0.000847516
-0.0043510497,0.00067313266
-0.0044822125,0.00070738647
-0.004675975,0.0006264229
-0.004956186,0.00047695133
-0.0050158044,0.00035239186
-0.0052274517,0.00023717429
-0.0055166055,3.7879036e-05
-0.005683539,-0.00018632812
-0.0059249974,-0.00038873736
-0.005960769,-0.00046658708
-0.006154532,-0.0007966698
-0.0062886747,-0.00097416725
-0.006470514,-0.0012980222
-0.0066135987,-0.0016218766
-0.006565904,-0.0016436747
-0.00658677,-0.001864768
-0.0067000473,-0.0020142396
-0.006714952,-0.0021450266
-0.0067566847,-0.0022633583
-0.006744761,-0.002353664
-0.0068669813,-0.0025000216
-0.006893809,-0.0026214672
-0.006869962,-0.0025249333
-0.006792457,-0.0024595396
-0.006917657,-0.0023630061
-0.0068431334,-0.0022073064
-0.006777552,-0.0020640632
-0.0068013994,-0.0017588923
-0.006726875,-0.0016218768
-0.006395989,-0.0010613588
-0.006226075,-0.0008153537
-0.006002503,-0.0005132969
-0.0057282536,-0.00020501207
-0.0053765,7.8360885e-05
-0.0049830144,0.00036484777
-0.0045597176,0.00057037105
-0.004255659,0.0006762467
-0.0039963154,0.0008693139
-0.0039605433,0.00086308585
-0.0038293817,0.0009658475
-0.0037667819,0.0009378217
-0.0036773526,0.00095650565
-0.003695239,0.00093470776
-0.003644562,0.0009876455
-0.003814477,0.0009253657
-0.003760819,0.00093782163
-0.0037548584,0.0008506299
-0.0039128484,0.000841288
-0.003954582,0.0008288321
-0.004106611,0.0008132622
-0.004401726,0.0006918166
-0.00459847,0.00067313266
-0.0047296323,0.00057659904
-0.004920414,0.00040844362
-0.005141004,0.00033059396
-0.0052989954,0.0002652002
-0.00546891,8.147487e-05
-0.005805759,-0.00023303795
-0.0058683595,-0.0004043073
-0.006082989,-0.0005818046
-0.0062201126,-0.00084337965
-0.00630358,-0.0010738148
-0.006425799,-0.0013011361
-0.0064645507,-0.0014755193
-0.0065659033,-0.0016748145
-0.0066761994,-0.0019208195
-0.0066404277,-0.0020578352
-0.0066761994,-0.0021574828
-0.0067984187,-0.002275814
-0.0067954375,-0.0024470834
-0.0068282285,-0.0023723475
-0.0068431334,-0.0025280477
-0.006774571,-0.0025187053
-0.006753704,-0.0024813376
-0.006896791,-0.0023630057
-0.0067984187,-0.0021979646
-0.006726875,-0.0019706436
-0.0067715896,-0.0018056022
-0.006553979,-0.0013727576
-0.0063989707,-0.0011516645
-0.0061157793,-0.0006970222
-0.0059428834,-0.00048527104
-0.0056924825,-0.00020189807
-0.0053496715,0.000100158795
-0.004926376,0.0003368219
-0.004532889,0.000582827
-0.0042169066,0.00078523625
-0.003993334,0.00088177
-0.0038532293,0.0009596197
-0.0037578393,0.00094404956
-0.0036684095,0.0009720755
-0.0035789814,0.0010032154
-0.0037339919,0.0009689617
-0.003796591,0.0009315937
-0.0036862963,0.0009222518
-0.003704182,0.00094404974
-0.0036475435,0.00085374404
-0.003784667,0.0009004538
-0.0040171817,0.000838174
-0.0040648775,0.00082260405
-0.0043063355,0.0007696663
-0.0044851936,0.00061085285
-0.0046700137,0.0005330031
-0.0048727184,0.00044269752
-0.0050754235,0.00032747997
-0.0051737954,0.00026208622
-0.005394386,0.0001811225
-0.005713349,-0.000102250444
-0.005823645,-0.00028908974
-0.0060829883,-0.00054132275
-0.006163475,-0.0007125921
-0.0063184844,-0.00089631754
-0.006425799,-0.0012014883
-0.0063661793,-0.0013914416
-0.0065331133,-0.0016343327
-0.006688123,-0.0018274002
-0.0066911043,-0.0020173532
-0.00670899,-0.002160597
-0.006878904,-0.002297612
-0.0066911043,-0.0023443222
-0.0069236187,-0.0024844515
-0.0067894757,-0.0024844513
-0.006768609,-0.0024688817
-0.0067477426,-0.0024782235
-0.0068341903,-0.00235055
-0.006720914,-0.0021823947
-0.006753704,-0.0019613015
-0.00658677,-0.0016841566
-0.006580808,-0.0015160011
-0.0064496463,-0.0011641205
-0.0062201126,-0.000762416
-0.0059816362,-0.0004572451
-0.005823645,-0.0002735198
-0.0053407284,0.00012195673
-0.0048876237,0.0003586198
-0.0046252985,0.000579713
-0.0043808594,0.0007478683
-0.004067858,0.0008693139
-0.0039635245,0.00093470776
-0.003820439,0.00091602374
-0.0037816863,0.0009409357
-0.0037399537,0.00086619996
-0.0038055337,0.0009315937
-0.003751877,0.00090356776
-0.0038144775,0.0009035679
-0.0037012002,0.0009627336
-0.003748896,0.00093159376
-0.0038979433,0.00089733984
-0.003963525,0.000859972
-0.004109592,0.0008163761
-0.0043868213,0.0007322985
-0.0045507746,0.0006170809
-0.004771366,0.0005236612
-0.0048697377,0.00045826746
-0.005129081,0.00032747994
-0.0052691856,0.00016866653
-0.005346691,0.00013129869
-0.005656711,-0.000108478416
-0.0059190355,-0.0003326856
-0.0060800076,-0.0006409704
-0.0061903037,-0.0007873279
-0.006363199,-0.0009959651
-0.00639897,-0.0012419701
-0.006539075,-0.0015222293
-0.006562922,-0.0016530165
-0.0065897508,-0.0017682342
-0.0067000473,-0.0019893278
-0.006759666,-0.002285156
-0.006777552,-0.002325638
-0.0067864945,-0.0023162959
-0.0067984187,-0.0024937938
-0.0066702375,-0.0023754616
-0.0068073617,-0.0024034877
-0.006881885,-0.0025000216
-0.0068282285,-0.0023723477
-0.0068163043,-0.0022010787
-0.00667918,-0.0019986695
-0.006703028,-0.0017339804
-0.0065331133,-0.0014319236
-0.0064049317,-0.0011174106
-0.0062052077,-0.0008714056
-0.0059488453,-0.00049461296
-0.0057193106,-0.00019878408
-0.005364576,7.8360885e-05
-0.0050545568,0.00032436597
-0.004684918,0.00061708095
-0.0043838406,0.00074164046
-0.004100649,0.00080392027
-0.0039665056,0.0008724279
-0.0038890007,0.0008724279
-0.0037965912,0.00093470764
-0.003754858,0.00095027767
-0.003775724,0.0009814176
-0.003862172,0.00093782163
-0.0038085151,0.0009097958
-0.0037578382,0.00097518956
-0.0038323633,0.0009596196
-0.0039754487,0.0009378217
-0.0040946873,0.00090356776
-0.00425864,0.000838174
-0.004422593,0.0007509824
-0.0045626983,0.0006762467
-0.004836947,0.0005485731
-0.0049949377,0.00046449545
-0.005215528,0.00028388412
-0.005316881,0.0001780085
-0.005465929,2.2309094e-05
-0.005740178,-0.00020812606
-0.0059518265,-0.00047904305
-0.0060054837,-0.0005942606
-0.00624098,-0.0008496076
-0.00636618,-0.001064473
-0.006393009,-0.0012450841
-0.0065092654,-0.0014661774
-0.0066523515,-0.0017526641
-0.006762647,-0.00187411
-0.0067328378,-0.0020453793
-0.006673218,-0.0022104203
-0.0066761994,-0.0022322182
-0.006846114,-0.0023879178
-0.006849095,-0.0024875659
-0.006744761,-0.002565415
-0.006840152,-0.0025436175
-0.0068520764,-0.0024688814
-0.006911696,-0.0024688817
-0.0068192855,-0.0021948505
-0.006741781,-0.0019581877
-0.0067000473,-0.0017962602
-0.006607637,-0.0015035452
-0.006571865,-0.0012575401
-0.006220113,-0.00082158175
-0.006008464,-0.0006814522
-0.005725273,-0.00032022962
-0.0054152524,4.410701e-05
-0.005087348,0.00027454214
-0.004869738,0.00042401356
-0.00435105,0.0006887026
-0.004219888,0.00076343835
-0.003975448,0.00088176987
-0.003942658,0.00093470764
-0.0038264003,0.00091602386
-0.0038114958,0.0009066818
-0.0038234193,0.00097518956
-0.0038025528,0.0008879978
-0.003781686,0.00093470764
-0.0038025528,0.0009066818
-0.0038234196,0.00092225167
-0.0039724675,0.0009004538
-0.004020163,0.0007976921
-0.004213926,0.00077278033
-0.0043868213,0.00078523625
-0.004589527,0.0005828271
-0.004839928,0.00048940734
-0.0048756995,0.00048940734
-0.0051082135,0.00029634006
-0.0052721663,0.00016243858
