freq,ch0,ch1,iq,iq_corr
5.225,-33.29746475514234,34.452637158753724,(-33.29746475514234+34.452637158753724j),(47.531480650807666+6.038519144176046j)
5.226,-27.796679761558316,37.72272095627011,(-27.796679761558316+37.72272095627011j),(46.535099007706705+5.490322618405946j)
5.227,-22.165634690436086,40.79070317733091,(-22.165634690436086+40.79070317733091j),(46.17066990922152+4.84417867803039j)
5.228,-16.180189973537033,42.893583158516755,(-16.180189973537033+42.893583158516755j),(45.65052658908042+4.205644528012569j)
5.229,-9.831595996489186,44.01564848160273,(-9.831595996489186+44.01564848160273j),(44.97252952218372+3.392518160675492j)
5.23,-3.671948006048574,44.853939063728376,(-3.671948006048574+44.853939063728376j),(44.91864199902651+2.7703163456677578j)
5.231,2.584471493648148,44.72925974198835,(2.584471493648148+44.72925974198835j),(44.75527303641802+2.086074160573854j)
5.232,8.850493114391481,43.6025743575489,(8.850493114391481+43.6025743575489j),(44.47379180835117+1.2639466606263206j)
5.233,14.855757643598436,42.34347770709276,(14.855757643598436+42.34347770709276j),(44.868382680382936+0.7013381089799048j)
5.234,20.45815818073159,40.127204241792384,(20.45815818073159+40.127204241792384j),(45.040614595794615+0.2679426122306589j)
5.235,25.64852543964998,37.011977096850664,(25.64852543964998+37.011977096850664j),(45.02996505234718-0.18855564314564432j)
5.236,30.64375152040449,33.89859247155858,(30.64375152040449+33.89859247155858j),(45.69454685525589-0.40307132113808397j)
5.237,34.978085158349415,30.17548846493046,(34.978085158349415+30.17548846493046j),(46.19389267312559-0.38836213209924797j)
5.238,38.395354679321,25.62410387418538,(38.395354679321+25.62410387418538j),(46.159318975968915-0.33945836365528587j)
5.239,41.58148416625424,21.206814398697446,(41.58148416625424+21.206814398697446j),(46.67706879525772+0.00714786902252313j)
5.24,43.845429076051154,16.2292248979947,(43.845429076051154+16.2292248979947j),(46.75135320400244+0.3469369500839786j)
5.241,44.91967111074208,11.05754829558658,(44.91967111074208+11.05754829558658j),(46.252583934996466+0.8629636971349396j)
5.242,45.842475903906006,6.031907566270471,(45.842475903906006+6.031907566270471j),(46.21319430520299+1.5023907606836562j)
5.243,45.627988012052036,0.8119352532919539,(45.627988012052036+0.8119352532919539j),(45.5913575867781+2.000160563063226j)
5.244,44.57127462958701,-4.377657343125921,(44.57127462958701-4.377657343125921j),(44.72396911556327+2.3513809708410434j)
5.245,43.17232279102004,-9.238729333647367,(43.17232279102004-9.238729333647367j),(44.05941849684711+2.8233343039943586j)
5.246,40.66541115604162,-13.943445398135857,(40.66541115604162-13.943445398135857j),(42.88757066992579+2.9583130484841447j)
5.247,37.25490903592057,-18.166286715783194,(37.25490903592057-18.166286715783194j),(41.34692864656053+2.893736651976053j)
5.248,33.88338993218632,-21.897572772542645,(33.88338993218632-21.897572772542645j),(40.23235325872809+2.9909125514292976j)
5.249,29.71338953819008,-25.135139660231662,(29.71338953819008-25.135139660231662j),(38.82276676021192+2.730118068831239j)
5.25,24.98540378093094,-27.561557510739437,(24.98540378093094-27.561557510739437j),(37.12871688027066+2.3169456917805373j)
5.251,20.40084201217795,-29.595789063203924,(20.40084201217795-29.595789063203924j),(35.89383619368903+1.9332895230991685j)
5.252,15.569202748092957,-30.820552999098904,(15.569202748092957-30.820552999098904j),(34.49870930084831+1.464792803454336j)
5.253,10.396553845428873,-31.257054485253317,(10.396553845428873-31.257054485253317j),(32.93404256489217+0.663797626440199j)
5.254,5.690288812272605,-31.36397000704956,(5.690288812272605-31.36397000704956j),(31.875844039893206+0.09256411066837085j)
5.255,0.8991292906435481,-30.766905400389778,(0.8991292906435481-30.766905400389778j),(30.771916370736502-0.7071522256386557j)
5.256,-3.5892432440752504,-29.459406989242808,(-3.5892432440752504-29.459406989242808j),(29.641556820795252-1.4551413891970326j)
5.257,-7.612082867356578,-27.944072199707914,(-7.612082867356578-27.944072199707914j),(28.892615643383735-2.0079188145165694j)
5.258,-11.323435444693713,-25.87347759907888,(-11.323435444693713-25.87347759907888j),(28.124452792667213-2.5830579655160393j)
5.259,-14.448477911569634,-23.280313339364525,(-14.448477911569634-23.280313339364525j),(27.233503194510472-3.0112799429308112j)
5.26,-17.15876310524314,-20.666245872324453,(-17.15876310524314-20.666245872324453j),(26.65737955243258-3.3016639978607794j)
5.261,-19.357345298472826,-17.7117809954425,(-19.357345298472826-17.7117809954425j),(25.996524274354016-3.5489052801883165j)
5.262,-20.764782714376295,-14.445191185100043,(-20.764782714376295-14.445191185100043j),(25.031335145940808-3.6430770457047843j)
5.263,-21.89042215193419,-11.20773844296049,(-21.89042215193419-11.20773844296049j),(24.29885613134343-3.7907220557539136j)
5.264,-22.273881357656144,-7.92095134670465,(-22.273881357656144-7.92095134670465j),(23.33120932583701-3.810765325466835j)
5.265,-21.870925223625683,-4.721917082163066,(-21.870925223625683-4.721917082163066j),(22.065209322237877-3.7095024779714287j)
5.266,-21.0616633244344,-1.5830707134525,(-21.0616633244344-1.5830707134525j),(20.78062359224138-3.7769641238959526j)
5.267,-19.493202806302616,1.278970269158779,(-19.493202806302616+1.278970269158779j),(19.16126784440588-3.8034898701026387j)
5.268,-16.962576619167557,3.752438753250494,(-16.962576619167557+3.752438753250494j),(16.939544489357857-3.8550790719636203j)
5.269,-13.932290153033566,5.55752675809221,(-13.932290153033566+5.55752675809221j),(14.490930883679546-3.8739817629474396j)
5.27,-10.125128524021237,6.2201279105501355,(-10.125128524021237+6.2201279105501355j),(11.323250025394213-3.604473292169498j)
5.271,-5.912366519112931,5.057995880513529,(-5.912366519112931+5.057995880513529j),(7.333760900258247-2.599105854224239j)
5.272,-2.595934368022869,1.3895222576800599,(-2.595934368022869+1.3895222576800599j),(2.9444264887530447+3.645943308338221e-14j)
5.273,-2.2438212365151067,-5.0304144538704785,(-2.2438212365151067-5.0304144538704785j),(-1.0741978217605626+5.402397834190857j)
5.274,-7.3055079942951995,-11.582065414997317,(-7.3055079942951995-11.582065414997317j),(-2.4177483501430657+13.478470953612227j)
5.275,-16.95420563855027,-14.286447107500095,(-16.95420563855027-14.286447107500095j),(0.13267046067550392+22.170477178863603j)
5.276,-26.16172449710605,-11.082745828116595,(-26.16172449710605-11.082745828116595j),(5.117697522458936+27.947669953356257j)
5.277,-31.39554249585607,-4.635328373144853,(-31.39554249585607-4.635328373144853j),(9.70705767438364+30.214886877864952j)
5.278,-33.247831212588586,2.472157174538012,(-33.247831212588586+2.472157174538012j),(13.206125284321923+30.612548022194964j)
5.279,-32.436959539213284,8.877781167544779,(-32.436959539213284+8.877781167544779j),(15.405017104330502+29.894092905165348j)
5.28,-29.976622178967087,14.19665047985482,(-29.976622178967087+14.19665047985482j),(16.670205888271248+28.67484956805092j)
5.281,-27.154860703777466,18.82627253501983,(-27.154860703777466+18.82627253501983j),(17.723026601423044+27.887440282135085j)
5.282,-23.574333444553005,22.552464947826937,(-23.574333444553005+22.552464947826937j),(18.38854559279498+26.94854844995614j)
5.283,-19.595141233851134,25.354104315280523,(-19.595141233851134+25.354104315280523j),(18.72229897183551+26.005301129075708j)
5.284,-15.743619059972927,27.948549271869105,(-15.743619059972927+27.948549271869105j),(19.274170296370166+25.641554299499084j)
5.285,-11.550432187890971,29.754705873344175,(-11.550432187890971+29.754705873344175j),(19.6428180102198+25.15779612672133j)
5.286,-7.139367529112521,30.823882139422135,(-7.139367529112521+30.823882139422135j),(19.924753950875875+24.578170372462417j)
5.287,-2.938594044498123,31.821145090246674,(-2.938594044498123+31.821145090246674j),(20.399429008874225+24.598453323832995j)
5.288,1.4674299072394852,32.169716454790844,(1.4674299072394852+32.169716454790844j),(20.8844784970594+24.512906094956698j)
5.289,5.95708778353859,31.83587796155766,(5.95708778353859+31.83587796155766j),(21.372453239700953+24.33574044406238j)
5.29,10.209631884659537,31.490043661572113,(10.209631884659537+31.490043661572113j),(21.947905730598325+24.782027097651714j)
5.291,14.473126941184272,30.499581680684575,(14.473126941184272+30.499581680684575j),(22.512824446990756+25.156880203462425j)
5.292,18.34770473608369,28.83732052086319,(18.34770473608369+28.83732052086319j),(22.772483435080723+25.488101579059965j)
5.293,22.182800864007298,27.09351977111621,(22.182800864007298+27.09351977111621j),(23.200308651914728+26.22748837033311j)
5.294,25.6583892748256,24.741532914293483,(25.6583892748256+24.741532914293483j),(23.43253818517064+26.8591240610723j)
5.295,28.618680374588166,21.846901353450573,(28.618680374588166+21.846901353450573j),(23.4193957934088+27.3468072323243j)
5.296,31.3993535058266,18.936003647036394,(31.3993535058266+18.936003647036394j),(23.428927687345148+28.205974227556705j)
5.297,33.70144905719175,15.542576273571688,(33.70144905719175+15.542576273571688j),(23.3167353892371+28.87367653352414j)
5.298,35.14171765884618,11.884608898547112,(35.14171765884618+11.884608898547112j),(22.7724156054158+29.284831161878017j)
5.299,36.52236654303046,8.317252041688112,(36.52236654303046+8.317252041688112j),(22.332395337111926+30.071981277185202j)
5.3,37.03704905817368,4.530642632408126,(37.03704905817368+4.530642632408126j),(21.576197695078502+30.44236223789223j)
5.301,36.73254544338177,0.6176376704315165,(36.73254544338177+0.6176376704315165j),(20.65592278927084+30.380820014702106j)
5.302,36.43136435914474,-3.206375049644731,(36.43136435914474-3.206375049644731j),(19.960592002780007+30.64473718155045j)
5.303,35.291337613211134,-6.904027836912118,(35.291337613211134-6.904027836912118j),(19.051383420302464+30.498998355276076j)
5.304,33.329523082095506,-10.41475635808925,(33.329523082095506-10.41475635808925j),(18.062161923314637+29.884487038165144j)
5.305,31.479166249244233,-13.75963544359751,(31.479166249244233-13.75963544359751j),(17.32253032209293+29.668087544168284j)
5.306,28.98493303778146,-16.795694149779628,(28.98493303778146-16.795694149779628j),(16.563973182389553+29.117975162958988j)
5.307,25.80969023917299,-19.36777386455775,(25.80969023917299-19.36777386455775j),(15.792285173480062+28.139909447441184j)
5.308,22.81250364163837,-21.679486771446417,(22.81250364163837-21.679486771446417j),(15.176279702104129+27.569747976297975j)
5.309,19.438962834972692,-23.612119070365623,(19.438962834972692-23.612119070365623j),(14.687537971968919+26.82688337124804j)
5.31,15.714887698896993,-24.97628953251128,(15.714887698896993-24.97628953251128j),(14.242863571812775+25.844023902548635j)
5.311,12.060862130343695,-26.149849879724496,(12.060862130343695-26.149849879724496j),(14.027383781945788+25.149782271289947j)
5.312,8.319067863711526,-26.787991502879162,(8.319067863711526-26.787991502879162j),(13.82620233365861+24.40572694897854j)
5.313,4.441213996386645,-26.89294388313306,(4.441213996386645-26.89294388313306j),(13.744054212897481+23.53838962749957j)
5.314,0.8017073675757125,-26.916815684287972,(0.8017073675757125-26.916815684287972j),(13.799015077567487+23.124551545364536j)
5.315,-2.8541463283698167,-26.446362778280207,(-2.8541463283698167-26.446362778280207j),(13.924092133204136+22.664419554230687j)
5.316,-6.23876352738868,-25.463177778557263,(-6.23876352738868-25.463177778557263j),(13.9102677040418+22.221612122773166j)
5.317,-9.44921074785873,-24.491789438032278,(-9.44921074785873-24.491789438032278j),(14.007953796373403+22.20163426581535j)
5.318,-12.473483209140767,-23.090711105347637,(-12.473483209140767-23.090711105347637j),(14.063868721843498+22.157985452068818j)
5.319,-15.23600514921923,-21.278177734417287,(-15.23600514921923-21.278177734417287j),(14.062837088764383+22.07109679239705j)
5.32,-17.785003203628946,-19.551496388462457,(-17.785003203628946-19.551496388462457j),(14.031147136774143+22.39853254138197j)
5.321,-20.011680176316375,-17.514569867670353,(-20.011680176316375-17.514569867670353j),(13.876880462423772+22.686112266324557j)
5.322,-21.828086182497945,-15.118247584163896,(-21.828086182497945-15.118247584163896j),(13.601354385983482+22.804164428312717j)
5.323,-23.618740447548287,-12.800011380554315,(-23.618740447548287-12.800011380554315j),(13.407201595713904+23.279435926217367j)
5.324,-24.963289042275548,-10.290463997857364,(-24.963289042275548-10.290463997857364j),(13.034641833492618+23.646512668297564j)
5.325,-25.85868431339052,-7.619590905239429,(-25.85868431339052-7.619590905239429j),(12.540653652028501+23.86339720078976j)
